#,Name,Type 1,Type 2,Total,HP,Attack,Defense,Sp. Atk,Sp. Def,Speed,Generation,Legendary
1,Bulbasaur,1,Poison,318,45,49,49,65,65,45,1,False
2,Ivysaur,1,Poison,405,60,62,63,80,80,60,1,False
3,Venusaur,1,Poison,525,80,82,83,100,100,80,1,False
4,VenusaurMega Venusaur,1,Poison,625,80,100,123,122,120,80,1,False
5,Charmander,2,NULL,309,39,52,43,60,50,65,1,False
6,Charmeleon,2,NULL,405,58,64,58,80,65,80,1,False
7,Charizard,2,Flying,534,78,84,78,109,85,100,1,False
8,CharizardMega Charizard X,2,Dragon,634,78,130,111,130,85,100,1,False
9,CharizardMega Charizard Y,2,Flying,634,78,104,78,159,115,100,1,False
10,Squirtle,3,NULL,314,44,48,65,50,64,43,1,False
11,Wartortle,3,NULL,405,59,63,80,65,80,58,1,False
12,Blastoise,3,NULL,530,79,83,100,85,105,78,1,False
13,BlastoiseMega Blastoise,3,NULL,630,79,103,120,135,115,78,1,False
14,Caterpie,4,NULL,195,45,30,35,20,20,45,1,False
15,Metapod,4,NULL,205,50,20,55,25,25,30,1,False
16,Butterfree,4,Flying,395,60,45,50,90,80,70,1,False
17,Weedle,4,Poison,195,40,35,30,20,20,50,1,False
18,Kakuna,4,Poison,205,45,25,50,25,25,35,1,False
19,Beedrill,4,Poison,395,65,90,40,45,80,75,1,False
20,BeedrillMega Beedrill,4,Poison,495,65,150,40,15,80,145,1,False
21,Pidgey,5,Flying,251,40,45,40,35,35,56,1,False
22,Pidgeotto,5,Flying,349,63,60,55,50,50,71,1,False
23,Pidgeot,5,Flying,479,83,80,75,70,70,101,1,False
24,PidgeotMega Pidgeot,5,Flying,579,83,80,80,135,80,121,1,False
25,Rattata,5,NULL,253,30,56,35,25,35,72,1,False
26,Raticate,5,NULL,413,55,81,60,50,70,97,1,False
27,Spearow,5,Flying,262,40,60,30,31,31,70,1,False
28,Fearow,5,Flying,442,65,90,65,61,61,100,1,False
29,Ekans,6,NULL,288,35,60,44,40,54,55,1,False
30,Arbok,6,NULL,438,60,85,69,65,79,80,1,False
31,Pikachu,7,NULL,320,35,55,40,50,50,90,1,False
32,Raichu,7,NULL,485,60,90,55,90,80,110,1,False
33,Sandshrew,8,NULL,300,50,75,85,20,30,40,1,False
34,Sandslash,8,NULL,450,75,100,110,45,55,65,1,False
35,Nidoran♀,6,NULL,275,55,47,52,40,40,41,1,False
36,Nidorina,6,NULL,365,70,62,67,55,55,56,1,False
37,Nidoqueen,6,Ground,505,90,92,87,75,85,76,1,False
38,Nidoran♂,6,NULL,273,46,57,40,40,40,50,1,False
39,Nidorino,6,NULL,365,61,72,57,55,55,65,1,False
40,Nidoking,6,Ground,505,81,102,77,85,75,85,1,False
41,Clefairy,9,NULL,323,70,45,48,60,65,35,1,False
42,Clefable,9,NULL,483,95,70,73,95,90,60,1,False
43,Vulpix,2,NULL,299,38,41,40,50,65,65,1,False
44,Ninetales,2,NULL,505,73,76,75,81,100,100,1,False
45,Jigglypuff,5,Fairy,270,115,45,20,45,25,20,1,False
46,Wigglytuff,5,Fairy,435,140,70,45,85,50,45,1,False
47,Zubat,6,Flying,245,40,45,35,30,40,55,1,False
48,Golbat,6,Flying,455,75,80,70,65,75,90,1,False
49,Oddish,1,Poison,320,45,50,55,75,65,30,1,False
50,Gloom,1,Poison,395,60,65,70,85,75,40,1,False
51,Vileplume,1,Poison,490,75,80,85,110,90,50,1,False
52,Paras,4,Grass,285,35,70,55,45,55,25,1,False
53,Parasect,4,Grass,405,60,95,80,60,80,30,1,False
54,Venonat,4,Poison,305,60,55,50,40,55,45,1,False
55,Venomoth,4,Poison,450,70,65,60,90,75,90,1,False
56,Diglett,8,NULL,265,10,55,25,35,45,95,1,False
57,Dugtrio,8,NULL,405,35,80,50,50,70,120,1,False
58,Meowth,5,NULL,290,40,45,35,40,40,90,1,False
59,Persian,5,NULL,440,65,70,60,65,65,115,1,False
60,Psyduck,3,NULL,320,50,52,48,65,50,55,1,False
61,Golduck,3,NULL,500,80,82,78,95,80,85,1,False
62,Mankey,10,NULL,305,40,80,35,35,45,70,1,False
63,Primeape,10,NULL,455,65,105,60,60,70,95,1,False
64,Growlithe,2,NULL,350,55,70,45,70,50,60,1,False
65,Arcanine,2,NULL,555,90,110,80,100,80,95,1,False
66,Poliwag,3,NULL,300,40,50,40,40,40,90,1,False
67,Poliwhirl,3,NULL,385,65,65,65,50,50,90,1,False
68,Poliwrath,3,Fighting,510,90,95,95,70,90,70,1,False
69,Abra,11,NULL,310,25,20,15,105,55,90,1,False
70,Kadabra,11,NULL,400,40,35,30,120,70,105,1,False
71,Alakazam,11,NULL,500,55,50,45,135,95,120,1,False
72,AlakazamMega Alakazam,11,NULL,590,55,50,65,175,95,150,1,False
73,Machop,10,NULL,305,70,80,50,35,35,35,1,False
74,Machoke,10,NULL,405,80,100,70,50,60,45,1,False
75,Machamp,10,NULL,505,90,130,80,65,85,55,1,False
76,Bellsprout,1,Poison,300,50,75,35,70,30,40,1,False
77,Weepinbell,1,Poison,390,65,90,50,85,45,55,1,False
78,Victreebel,1,Poison,490,80,105,65,100,70,70,1,False
79,Tentacool,3,Poison,335,40,40,35,50,100,70,1,False
80,Tentacruel,3,Poison,515,80,70,65,80,120,100,1,False
81,Geodude,12,Ground,300,40,80,100,30,30,20,1,False
82,Graveler,12,Ground,390,55,95,115,45,45,35,1,False
83,Golem,12,Ground,495,80,120,130,55,65,45,1,False
84,Ponyta,2,NULL,410,50,85,55,65,65,90,1,False
85,Rapidash,2,NULL,500,65,100,70,80,80,105,1,False
86,Slowpoke,3,Psychic,315,90,65,65,40,40,15,1,False
87,Slowbro,3,Psychic,490,95,75,110,100,80,30,1,False
88,SlowbroMega Slowbro,3,Psychic,590,95,75,180,130,80,30,1,False
89,Magnemite,7,Steel,325,25,35,70,95,55,45,1,False
90,Magneton,7,Steel,465,50,60,95,120,70,70,1,False
91,Farfetch'd,5,Flying,352,52,65,55,58,62,60,1,False
92,Doduo,5,Flying,310,35,85,45,35,35,75,1,False
93,Dodrio,5,Flying,460,60,110,70,60,60,100,1,False
94,Seel,3,NULL,325,65,45,55,45,70,45,1,False
95,Dewgong,3,Ice,475,90,70,80,70,95,70,1,False
96,Grimer,6,NULL,325,80,80,50,40,50,25,1,False
97,Muk,6,NULL,500,105,105,75,65,100,50,1,False
98,Shellder,3,NULL,305,30,65,100,45,25,40,1,False
99,Cloyster,3,Ice,525,50,95,180,85,45,70,1,False
100,Gastly,13,Poison,310,30,35,30,100,35,80,1,False
101,Haunter,13,Poison,405,45,50,45,115,55,95,1,False
102,Gengar,13,Poison,500,60,65,60,130,75,110,1,False
103,GengarMega Gengar,13,Poison,600,60,65,80,170,95,130,1,False
104,Onix,12,Ground,385,35,45,160,30,45,70,1,False
105,Drowzee,11,NULL,328,60,48,45,43,90,42,1,False
106,Hypno,11,NULL,483,85,73,70,73,115,67,1,False
107,Krabby,3,NULL,325,30,105,90,25,25,50,1,False
108,Kingler,3,NULL,475,55,130,115,50,50,75,1,False
109,Voltorb,7,NULL,330,40,30,50,55,55,100,1,False
110,Electrode,7,NULL,480,60,50,70,80,80,140,1,False
111,Exeggcute,1,Psychic,325,60,40,80,60,45,40,1,False
112,Exeggutor,1,Psychic,520,95,95,85,125,65,55,1,False
113,Cubone,8,NULL,320,50,50,95,40,50,35,1,False
114,Marowak,8,NULL,425,60,80,110,50,80,45,1,False
115,Hitmonlee,10,NULL,455,50,120,53,35,110,87,1,False
116,Hitmonchan,10,NULL,455,50,105,79,35,110,76,1,False
117,Lickitung,5,NULL,385,90,55,75,60,75,30,1,False
118,Koffing,6,NULL,340,40,65,95,60,45,35,1,False
119,Weezing,6,NULL,490,65,90,120,85,70,60,1,False
120,Rhyhorn,8,Rock,345,80,85,95,30,30,25,1,False
121,Rhydon,8,Rock,485,105,130,120,45,45,40,1,False
122,Chansey,5,NULL,450,250,5,5,35,105,50,1,False
123,Tangela,1,NULL,435,65,55,115,100,40,60,1,False
124,Kangaskhan,5,NULL,490,105,95,80,40,80,90,1,False
125,KangaskhanMega Kangaskhan,5,NULL,590,105,125,100,60,100,100,1,False
126,Horsea,3,NULL,295,30,40,70,70,25,60,1,False
127,Seadra,3,NULL,440,55,65,95,95,45,85,1,False
128,Goldeen,3,NULL,320,45,67,60,35,50,63,1,False
129,Seaking,3,NULL,450,80,92,65,65,80,68,1,False
130,Staryu,3,NULL,340,30,45,55,70,55,85,1,False
131,Starmie,3,Psychic,520,60,75,85,100,85,115,1,False
132,Mr. Mime,11,Fairy,460,40,45,65,100,120,90,1,False
133,Scyther,4,Flying,500,70,110,80,55,80,105,1,False
134,Jynx,14,Psychic,455,65,50,35,115,95,95,1,False
135,Electabuzz,7,NULL,490,65,83,57,95,85,105,1,False
136,Magmar,2,NULL,495,65,95,57,100,85,93,1,False
137,Pinsir,4,NULL,500,65,125,100,55,70,85,1,False
138,PinsirMega Pinsir,4,Flying,600,65,155,120,65,90,105,1,False
139,Tauros,5,NULL,490,75,100,95,40,70,110,1,False
140,Magikarp,3,NULL,200,20,10,55,15,20,80,1,False
141,Gyarados,3,Flying,540,95,125,79,60,100,81,1,False
142,GyaradosMega Gyarados,3,Dark,640,95,155,109,70,130,81,1,False
143,Lapras,3,Ice,535,130,85,80,85,95,60,1,False
144,Ditto,5,NULL,288,48,48,48,48,48,48,1,False
145,Eevee,5,NULL,325,55,55,50,45,65,55,1,False
146,Vaporeon,3,NULL,525,130,65,60,110,95,65,1,False
147,Jolteon,7,NULL,525,65,65,60,110,95,130,1,False
148,Flareon,2,NULL,525,65,130,60,95,110,65,1,False
149,Porygon,5,NULL,395,65,60,70,85,75,40,1,False
150,Omanyte,12,Water,355,35,40,100,90,55,35,1,False
151,Omastar,12,Water,495,70,60,125,115,70,55,1,False
152,Kabuto,12,Water,355,30,80,90,55,45,55,1,False
153,Kabutops,12,Water,495,60,115,105,65,70,80,1,False
154,Aerodactyl,12,Flying,515,80,105,65,60,75,130,1,False
155,AerodactylMega Aerodactyl,12,Flying,615,80,135,85,70,95,150,1,False
156,Snorlax,5,NULL,540,160,110,65,65,110,30,1,False
157,Articuno,14,Flying,580,90,85,100,95,125,85,1,True
158,Zapdos,7,Flying,580,90,90,85,125,90,100,1,True
159,Moltres,2,Flying,580,90,100,90,125,85,90,1,True
160,Dratini,15,NULL,300,41,64,45,50,50,50,1,False
161,Dragonair,15,NULL,420,61,84,65,70,70,70,1,False
162,Dragonite,15,Flying,600,91,134,95,100,100,80,1,False
163,Mewtwo,11,NULL,680,106,110,90,154,90,130,1,True
164,MewtwoMega Mewtwo X,11,Fighting,780,106,190,100,154,100,130,1,True
165,MewtwoMega Mewtwo Y,11,NULL,780,106,150,70,194,120,140,1,True
166,Mew,11,NULL,600,100,100,100,100,100,100,1,False
167,Chikorita,1,NULL,318,45,49,65,49,65,45,2,False
168,Bayleef,1,NULL,405,60,62,80,63,80,60,2,False
169,Meganium,1,NULL,525,80,82,100,83,100,80,2,False
170,Cyndaquil,2,NULL,309,39,52,43,60,50,65,2,False
171,Quilava,2,NULL,405,58,64,58,80,65,80,2,False
172,Typhlosion,2,NULL,534,78,84,78,109,85,100,2,False
173,Totodile,3,NULL,314,50,65,64,44,48,43,2,False
174,Croconaw,3,NULL,405,65,80,80,59,63,58,2,False
175,Feraligatr,3,NULL,530,85,105,100,79,83,78,2,False
176,Sentret,5,NULL,215,35,46,34,35,45,20,2,False
177,Furret,5,NULL,415,85,76,64,45,55,90,2,False
178,Hoothoot,5,Flying,262,60,30,30,36,56,50,2,False
179,Noctowl,5,Flying,442,100,50,50,76,96,70,2,False
180,Ledyba,4,Flying,265,40,20,30,40,80,55,2,False
181,Ledian,4,Flying,390,55,35,50,55,110,85,2,False
182,Spinarak,4,Poison,250,40,60,40,40,40,30,2,False
183,Ariados,4,Poison,390,70,90,70,60,60,40,2,False
184,Crobat,6,Flying,535,85,90,80,70,80,130,2,False
185,Chinchou,3,Electric,330,75,38,38,56,56,67,2,False
186,Lanturn,3,Electric,460,125,58,58,76,76,67,2,False
187,Pichu,7,NULL,205,20,40,15,35,35,60,2,False
188,Cleffa,9,NULL,218,50,25,28,45,55,15,2,False
189,Igglybuff,5,Fairy,210,90,30,15,40,20,15,2,False
190,Togepi,9,NULL,245,35,20,65,40,65,20,2,False
191,Togetic,9,Flying,405,55,40,85,80,105,40,2,False
192,Natu,11,Flying,320,40,50,45,70,45,70,2,False
193,Xatu,11,Flying,470,65,75,70,95,70,95,2,False
194,Mareep,7,NULL,280,55,40,40,65,45,35,2,False
195,Flaaffy,7,NULL,365,70,55,55,80,60,45,2,False
196,Ampharos,7,NULL,510,90,75,85,115,90,55,2,False
197,AmpharosMega Ampharos,7,Dragon,610,90,95,105,165,110,45,2,False
198,Bellossom,1,NULL,490,75,80,95,90,100,50,2,False
199,Marill,3,Fairy,250,70,20,50,20,50,40,2,False
200,Azumarill,3,Fairy,420,100,50,80,60,80,50,2,False
201,Sudowoodo,12,NULL,410,70,100,115,30,65,30,2,False
202,Politoed,3,NULL,500,90,75,75,90,100,70,2,False
203,Hoppip,1,Flying,250,35,35,40,35,55,50,2,False
204,Skiploom,1,Flying,340,55,45,50,45,65,80,2,False
205,Jumpluff,1,Flying,460,75,55,70,55,95,110,2,False
206,Aipom,5,NULL,360,55,70,55,40,55,85,2,False
207,Sunkern,1,NULL,180,30,30,30,30,30,30,2,False
208,Sunflora,1,NULL,425,75,75,55,105,85,30,2,False
209,Yanma,4,Flying,390,65,65,45,75,45,95,2,False
210,Wooper,3,Ground,210,55,45,45,25,25,15,2,False
211,Quagsire,3,Ground,430,95,85,85,65,65,35,2,False
212,Espeon,11,NULL,525,65,65,60,130,95,110,2,False
213,Umbreon,16,NULL,525,95,65,110,60,130,65,2,False
214,Murkrow,16,Flying,405,60,85,42,85,42,91,2,False
215,Slowking,3,Psychic,490,95,75,80,100,110,30,2,False
216,Misdreavus,13,NULL,435,60,60,60,85,85,85,2,False
217,Unown,11,NULL,336,48,72,48,72,48,48,2,False
218,Wobbuffet,11,NULL,405,190,33,58,33,58,33,2,False
219,Girafarig,5,Psychic,455,70,80,65,90,65,85,2,False
220,Pineco,4,NULL,290,50,65,90,35,35,15,2,False
221,Forretress,4,Steel,465,75,90,140,60,60,40,2,False
222,Dunsparce,5,NULL,415,100,70,70,65,65,45,2,False
223,Gligar,8,Flying,430,65,75,105,35,65,85,2,False
224,Steelix,17,Ground,510,75,85,200,55,65,30,2,False
225,SteelixMega Steelix,17,Ground,610,75,125,230,55,95,30,2,False
226,Snubbull,9,NULL,300,60,80,50,40,40,30,2,False
227,Granbull,9,NULL,450,90,120,75,60,60,45,2,False
228,Qwilfish,3,Poison,430,65,95,75,55,55,85,2,False
229,Scizor,4,Steel,500,70,130,100,55,80,65,2,False
230,ScizorMega Scizor,4,Steel,600,70,150,140,65,100,75,2,False
231,Shuckle,4,Rock,505,20,10,230,10,230,5,2,False
232,Heracross,4,Fighting,500,80,125,75,40,95,85,2,False
233,HeracrossMega Heracross,4,Fighting,600,80,185,115,40,105,75,2,False
234,Sneasel,16,Ice,430,55,95,55,35,75,115,2,False
235,Teddiursa,5,NULL,330,60,80,50,50,50,40,2,False
236,Ursaring,5,NULL,500,90,130,75,75,75,55,2,False
237,Slugma,2,NULL,250,40,40,40,70,40,20,2,False
238,Magcargo,2,Rock,410,50,50,120,80,80,30,2,False
239,Swinub,14,Ground,250,50,50,40,30,30,50,2,False
240,Piloswine,14,Ground,450,100,100,80,60,60,50,2,False
241,Corsola,3,Rock,380,55,55,85,65,85,35,2,False
242,Remoraid,3,NULL,300,35,65,35,65,35,65,2,False
243,Octillery,3,NULL,480,75,105,75,105,75,45,2,False
244,Delibird,14,Flying,330,45,55,45,65,45,75,2,False
245,Mantine,3,Flying,465,65,40,70,80,140,70,2,False
246,Skarmory,17,Flying,465,65,80,140,40,70,70,2,False
247,Houndour,16,Fire,330,45,60,30,80,50,65,2,False
248,Houndoom,16,Fire,500,75,90,50,110,80,95,2,False
249,HoundoomMega Houndoom,16,Fire,600,75,90,90,140,90,115,2,False
250,Kingdra,3,Dragon,540,75,95,95,95,95,85,2,False
251,Phanpy,8,NULL,330,90,60,60,40,40,40,2,False
252,Donphan,8,NULL,500,90,120,120,60,60,50,2,False
253,Porygon2,5,NULL,515,85,80,90,105,95,60,2,False
254,Stantler,5,NULL,465,73,95,62,85,65,85,2,False
255,Smeargle,5,NULL,250,55,20,35,20,45,75,2,False
256,Tyrogue,10,NULL,210,35,35,35,35,35,35,2,False
257,Hitmontop,10,NULL,455,50,95,95,35,110,70,2,False
258,Smoochum,14,Psychic,305,45,30,15,85,65,65,2,False
259,Elekid,7,NULL,360,45,63,37,65,55,95,2,False
260,Magby,2,NULL,365,45,75,37,70,55,83,2,False
261,Miltank,5,NULL,490,95,80,105,40,70,100,2,False
262,Blissey,5,NULL,540,255,10,10,75,135,55,2,False
263,Raikou,7,NULL,580,90,85,75,115,100,115,2,True
264,Entei,2,NULL,580,115,115,85,90,75,100,2,True
265,Suicune,3,NULL,580,100,75,115,90,115,85,2,True
266,Larvitar,12,Ground,300,50,64,50,45,50,41,2,False
267,Pupitar,12,Ground,410,70,84,70,65,70,51,2,False
268,Tyranitar,12,Dark,600,100,134,110,95,100,61,2,False
269,TyranitarMega Tyranitar,12,Dark,700,100,164,150,95,120,71,2,False
270,Lugia,11,Flying,680,106,90,130,90,154,110,2,True
271,Ho-oh,2,Flying,680,106,130,90,110,154,90,2,True
272,Celebi,11,Grass,600,100,100,100,100,100,100,2,False
273,Treecko,1,NULL,310,40,45,35,65,55,70,3,False
274,Grovyle,1,NULL,405,50,65,45,85,65,95,3,False
275,Sceptile,1,NULL,530,70,85,65,105,85,120,3,False
276,SceptileMega Sceptile,1,Dragon,630,70,110,75,145,85,145,3,False
277,Torchic,2,NULL,310,45,60,40,70,50,45,3,False
278,Combusken,2,Fighting,405,60,85,60,85,60,55,3,False
279,Blaziken,2,Fighting,530,80,120,70,110,70,80,3,False
280,BlazikenMega Blaziken,2,Fighting,630,80,160,80,130,80,100,3,False
281,Mudkip,3,NULL,310,50,70,50,50,50,40,3,False
282,Marshtomp,3,Ground,405,70,85,70,60,70,50,3,False
283,Swampert,3,Ground,535,100,110,90,85,90,60,3,False
284,SwampertMega Swampert,3,Ground,635,100,150,110,95,110,70,3,False
285,Poochyena,16,NULL,220,35,55,35,30,30,35,3,False
286,Mightyena,16,NULL,420,70,90,70,60,60,70,3,False
287,Zigzagoon,5,NULL,240,38,30,41,30,41,60,3,False
288,Linoone,5,NULL,420,78,70,61,50,61,100,3,False
289,Wurmple,4,NULL,195,45,45,35,20,30,20,3,False
290,Silcoon,4,NULL,205,50,35,55,25,25,15,3,False
291,Beautifly,4,Flying,395,60,70,50,100,50,65,3,False
292,Cascoon,4,NULL,205,50,35,55,25,25,15,3,False
293,Dustox,4,Poison,385,60,50,70,50,90,65,3,False
294,Lotad,3,Grass,220,40,30,30,40,50,30,3,False
295,Lombre,3,Grass,340,60,50,50,60,70,50,3,False
296,Ludicolo,3,Grass,480,80,70,70,90,100,70,3,False
297,Seedot,1,NULL,220,40,40,50,30,30,30,3,False
298,Nuzleaf,1,Dark,340,70,70,40,60,40,60,3,False
299,Shiftry,1,Dark,480,90,100,60,90,60,80,3,False
300,Taillow,5,Flying,270,40,55,30,30,30,85,3,False
301,Swellow,5,Flying,430,60,85,60,50,50,125,3,False
302,Wingull,3,Flying,270,40,30,30,55,30,85,3,False
303,Pelipper,3,Flying,430,60,50,100,85,70,65,3,False
304,Ralts,11,Fairy,198,28,25,25,45,35,40,3,False
305,Kirlia,11,Fairy,278,38,35,35,65,55,50,3,False
306,Gardevoir,11,Fairy,518,68,65,65,125,115,80,3,False
307,GardevoirMega Gardevoir,11,Fairy,618,68,85,65,165,135,100,3,False
308,Surskit,4,Water,269,40,30,32,50,52,65,3,False
309,Masquerain,4,Flying,414,70,60,62,80,82,60,3,False
310,Shroomish,1,NULL,295,60,40,60,40,60,35,3,False
311,Breloom,1,Fighting,460,60,130,80,60,60,70,3,False
312,Slakoth,5,NULL,280,60,60,60,35,35,30,3,False
313,Vigoroth,5,NULL,440,80,80,80,55,55,90,3,False
314,Slaking,5,NULL,670,150,160,100,95,65,100,3,False
315,Nincada,4,Ground,266,31,45,90,30,30,40,3,False
316,Ninjask,4,Flying,456,61,90,45,50,50,160,3,False
317,Shedinja,4,Ghost,236,1,90,45,30,30,40,3,False
318,Whismur,5,NULL,240,64,51,23,51,23,28,3,False
319,Loudred,5,NULL,360,84,71,43,71,43,48,3,False
320,Exploud,5,NULL,490,104,91,63,91,73,68,3,False
321,Makuhita,10,NULL,237,72,60,30,20,30,25,3,False
322,Hariyama,10,NULL,474,144,120,60,40,60,50,3,False
323,Azurill,5,Fairy,190,50,20,40,20,40,20,3,False
324,Nosepass,12,NULL,375,30,45,135,45,90,30,3,False
325,Skitty,5,NULL,260,50,45,45,35,35,50,3,False
326,Delcatty,5,NULL,380,70,65,65,55,55,70,3,False
327,Sableye,16,Ghost,380,50,75,75,65,65,50,3,False
328,SableyeMega Sableye,16,Ghost,480,50,85,125,85,115,20,3,False
329,Mawile,17,Fairy,380,50,85,85,55,55,50,3,False
330,MawileMega Mawile,17,Fairy,480,50,105,125,55,95,50,3,False
331,Aron,17,Rock,330,50,70,100,40,40,30,3,False
332,Lairon,17,Rock,430,60,90,140,50,50,40,3,False
333,Aggron,17,Rock,530,70,110,180,60,60,50,3,False
334,AggronMega Aggron,17,NULL,630,70,140,230,60,80,50,3,False
335,Meditite,10,Psychic,280,30,40,55,40,55,60,3,False
336,Medicham,10,Psychic,410,60,60,75,60,75,80,3,False
337,MedichamMega Medicham,10,Psychic,510,60,100,85,80,85,100,3,False
338,Electrike,7,NULL,295,40,45,40,65,40,65,3,False
339,Manectric,7,NULL,475,70,75,60,105,60,105,3,False
340,ManectricMega Manectric,7,NULL,575,70,75,80,135,80,135,3,False
341,Plusle,7,NULL,405,60,50,40,85,75,95,3,False
342,Minun,7,NULL,405,60,40,50,75,85,95,3,False
343,Volbeat,4,NULL,400,65,73,55,47,75,85,3,False
344,Illumise,4,NULL,400,65,47,55,73,75,85,3,False
345,Roselia,1,Poison,400,50,60,45,100,80,65,3,False
346,Gulpin,6,NULL,302,70,43,53,43,53,40,3,False
347,Swalot,6,NULL,467,100,73,83,73,83,55,3,False
348,Carvanha,3,Dark,305,45,90,20,65,20,65,3,False
349,Sharpedo,3,Dark,460,70,120,40,95,40,95,3,False
350,SharpedoMega Sharpedo,3,Dark,560,70,140,70,110,65,105,3,False
351,Wailmer,3,NULL,400,130,70,35,70,35,60,3,False
352,Wailord,3,NULL,500,170,90,45,90,45,60,3,False
353,Numel,2,Ground,305,60,60,40,65,45,35,3,False
354,Camerupt,2,Ground,460,70,100,70,105,75,40,3,False
355,CameruptMega Camerupt,2,Ground,560,70,120,100,145,105,20,3,False
356,Torkoal,2,NULL,470,70,85,140,85,70,20,3,False
357,Spoink,11,NULL,330,60,25,35,70,80,60,3,False
358,Grumpig,11,NULL,470,80,45,65,90,110,80,3,False
359,Spinda,5,NULL,360,60,60,60,60,60,60,3,False
360,Trapinch,8,NULL,290,45,100,45,45,45,10,3,False
361,Vibrava,8,Dragon,340,50,70,50,50,50,70,3,False
362,Flygon,8,Dragon,520,80,100,80,80,80,100,3,False
363,Cacnea,1,NULL,335,50,85,40,85,40,35,3,False
364,Cacturne,1,Dark,475,70,115,60,115,60,55,3,False
365,Swablu,5,Flying,310,45,40,60,40,75,50,3,False
366,Altaria,15,Flying,490,75,70,90,70,105,80,3,False
367,AltariaMega Altaria,15,Fairy,590,75,110,110,110,105,80,3,False
368,Zangoose,5,NULL,458,73,115,60,60,60,90,3,False
369,Seviper,6,NULL,458,73,100,60,100,60,65,3,False
370,Lunatone,12,Psychic,440,70,55,65,95,85,70,3,False
371,Solrock,12,Psychic,440,70,95,85,55,65,70,3,False
372,Barboach,3,Ground,288,50,48,43,46,41,60,3,False
373,Whiscash,3,Ground,468,110,78,73,76,71,60,3,False
374,Corphish,3,NULL,308,43,80,65,50,35,35,3,False
375,Crawdaunt,3,Dark,468,63,120,85,90,55,55,3,False
376,Baltoy,8,Psychic,300,40,40,55,40,70,55,3,False
377,Claydol,8,Psychic,500,60,70,105,70,120,75,3,False
378,Lileep,12,Grass,355,66,41,77,61,87,23,3,False
379,Cradily,12,Grass,495,86,81,97,81,107,43,3,False
380,Anorith,12,Bug,355,45,95,50,40,50,75,3,False
381,Armaldo,12,Bug,495,75,125,100,70,80,45,3,False
382,Feebas,3,NULL,200,20,15,20,10,55,80,3,False
383,Milotic,3,NULL,540,95,60,79,100,125,81,3,False
384,Castform,5,NULL,420,70,70,70,70,70,70,3,False
385,Kecleon,5,NULL,440,60,90,70,60,120,40,3,False
386,Shuppet,13,NULL,295,44,75,35,63,33,45,3,False
387,Banette,13,NULL,455,64,115,65,83,63,65,3,False
388,BanetteMega Banette,13,NULL,555,64,165,75,93,83,75,3,False
389,Duskull,13,NULL,295,20,40,90,30,90,25,3,False
390,Dusclops,13,NULL,455,40,70,130,60,130,25,3,False
391,Tropius,1,Flying,460,99,68,83,72,87,51,3,False
392,Chimecho,11,NULL,425,65,50,70,95,80,65,3,False
393,Absol,16,NULL,465,65,130,60,75,60,75,3,False
394,AbsolMega Absol,16,NULL,565,65,150,60,115,60,115,3,False
395,Wynaut,11,NULL,260,95,23,48,23,48,23,3,False
396,Snorunt,14,NULL,300,50,50,50,50,50,50,3,False
397,Glalie,14,NULL,480,80,80,80,80,80,80,3,False
398,GlalieMega Glalie,14,NULL,580,80,120,80,120,80,100,3,False
399,Spheal,14,Water,290,70,40,50,55,50,25,3,False
400,Sealeo,14,Water,410,90,60,70,75,70,45,3,False
401,Walrein,14,Water,530,110,80,90,95,90,65,3,False
402,Clamperl,3,NULL,345,35,64,85,74,55,32,3,False
403,Huntail,3,NULL,485,55,104,105,94,75,52,3,False
404,Gorebyss,3,NULL,485,55,84,105,114,75,52,3,False
405,Relicanth,3,Rock,485,100,90,130,45,65,55,3,False
406,Luvdisc,3,NULL,330,43,30,55,40,65,97,3,False
407,Bagon,15,NULL,300,45,75,60,40,30,50,3,False
408,Shelgon,15,NULL,420,65,95,100,60,50,50,3,False
409,Salamence,15,Flying,600,95,135,80,110,80,100,3,False
410,SalamenceMega Salamence,15,Flying,700,95,145,130,120,90,120,3,False
411,Beldum,17,Psychic,300,40,55,80,35,60,30,3,False
412,Metang,17,Psychic,420,60,75,100,55,80,50,3,False
413,Metagross,17,Psychic,600,80,135,130,95,90,70,3,False
414,MetagrossMega Metagross,17,Psychic,700,80,145,150,105,110,110,3,False
415,Regirock,12,NULL,580,80,100,200,50,100,50,3,True
416,Regice,14,NULL,580,80,50,100,100,200,50,3,True
417,Registeel,17,NULL,580,80,75,150,75,150,50,3,True
418,Latias,15,Psychic,600,80,80,90,110,130,110,3,True
419,LatiasMega Latias,15,Psychic,700,80,100,120,140,150,110,3,True
420,Latios,15,Psychic,600,80,90,80,130,110,110,3,True
421,LatiosMega Latios,15,Psychic,700,80,130,100,160,120,110,3,True
422,Kyogre,3,NULL,670,100,100,90,150,140,90,3,True
423,KyogrePrimal Kyogre,3,NULL,770,100,150,90,180,160,90,3,True
424,Groudon,8,NULL,670,100,150,140,100,90,90,3,True
425,GroudonPrimal Groudon,8,Fire,770,100,180,160,150,90,90,3,True
426,Rayquaza,15,Flying,680,105,150,90,150,90,95,3,True
427,RayquazaMega Rayquaza,15,Flying,780,105,180,100,180,100,115,3,True
428,Jirachi,17,Psychic,600,100,100,100,100,100,100,3,True
429,DeoxysNormal Forme,11,NULL,600,50,150,50,150,50,150,3,True
430,DeoxysAttack Forme,11,NULL,600,50,180,20,180,20,150,3,True
431,DeoxysDefense Forme,11,NULL,600,50,70,160,70,160,90,3,True
432,DeoxysSpeed Forme,11,NULL,600,50,95,90,95,90,180,3,True
433,Turtwig,1,NULL,318,55,68,64,45,55,31,4,False
434,Grotle,1,NULL,405,75,89,85,55,65,36,4,False
435,Torterra,1,Ground,525,95,109,105,75,85,56,4,False
436,Chimchar,2,NULL,309,44,58,44,58,44,61,4,False
437,Monferno,2,Fighting,405,64,78,52,78,52,81,4,False
438,Infernape,2,Fighting,534,76,104,71,104,71,108,4,False
439,Piplup,3,NULL,314,53,51,53,61,56,40,4,False
440,Prinplup,3,NULL,405,64,66,68,81,76,50,4,False
441,Empoleon,3,Steel,530,84,86,88,111,101,60,4,False
442,Starly,5,Flying,245,40,55,30,30,30,60,4,False
443,Staravia,5,Flying,340,55,75,50,40,40,80,4,False
444,Staraptor,5,Flying,485,85,120,70,50,60,100,4,False
445,Bidoof,5,NULL,250,59,45,40,35,40,31,4,False
446,Bibarel,5,Water,410,79,85,60,55,60,71,4,False
447,Kricketot,4,NULL,194,37,25,41,25,41,25,4,False
448,Kricketune,4,NULL,384,77,85,51,55,51,65,4,False
449,Shinx,7,NULL,263,45,65,34,40,34,45,4,False
450,Luxio,7,NULL,363,60,85,49,60,49,60,4,False
451,Luxray,7,NULL,523,80,120,79,95,79,70,4,False
452,Budew,1,Poison,280,40,30,35,50,70,55,4,False
453,Roserade,1,Poison,515,60,70,65,125,105,90,4,False
454,Cranidos,12,NULL,350,67,125,40,30,30,58,4,False
455,Rampardos,12,NULL,495,97,165,60,65,50,58,4,False
456,Shieldon,12,Steel,350,30,42,118,42,88,30,4,False
457,Bastiodon,12,Steel,495,60,52,168,47,138,30,4,False
458,Burmy,4,NULL,224,40,29,45,29,45,36,4,False
459,WormadamPlant Cloak,4,Grass,424,60,59,85,79,105,36,4,False
460,WormadamSandy Cloak,4,Ground,424,60,79,105,59,85,36,4,False
461,WormadamTrash Cloak,4,Steel,424,60,69,95,69,95,36,4,False
462,Mothim,4,Flying,424,70,94,50,94,50,66,4,False
463,Combee,4,Flying,244,30,30,42,30,42,70,4,False
464,Vespiquen,4,Flying,474,70,80,102,80,102,40,4,False
465,Pachirisu,7,NULL,405,60,45,70,45,90,95,4,False
466,Buizel,3,NULL,330,55,65,35,60,30,85,4,False
467,Floatzel,3,NULL,495,85,105,55,85,50,115,4,False
468,Cherubi,1,NULL,275,45,35,45,62,53,35,4,False
469,Cherrim,1,NULL,450,70,60,70,87,78,85,4,False
470,Shellos,3,NULL,325,76,48,48,57,62,34,4,False
471,Gastrodon,3,Ground,475,111,83,68,92,82,39,4,False
472,Ambipom,5,NULL,482,75,100,66,60,66,115,4,False
473,Drifloon,13,Flying,348,90,50,34,60,44,70,4,False
474,Drifblim,13,Flying,498,150,80,44,90,54,80,4,False
475,Buneary,5,NULL,350,55,66,44,44,56,85,4,False
476,Lopunny,5,NULL,480,65,76,84,54,96,105,4,False
477,LopunnyMega Lopunny,5,Fighting,580,65,136,94,54,96,135,4,False
478,Mismagius,13,NULL,495,60,60,60,105,105,105,4,False
479,Honchkrow,16,Flying,505,100,125,52,105,52,71,4,False
480,Glameow,5,NULL,310,49,55,42,42,37,85,4,False
481,Purugly,5,NULL,452,71,82,64,64,59,112,4,False
482,Chingling,11,NULL,285,45,30,50,65,50,45,4,False
483,Stunky,6,Dark,329,63,63,47,41,41,74,4,False
484,Skuntank,6,Dark,479,103,93,67,71,61,84,4,False
485,Bronzor,17,Psychic,300,57,24,86,24,86,23,4,False
486,Bronzong,17,Psychic,500,67,89,116,79,116,33,4,False
487,Bonsly,12,NULL,290,50,80,95,10,45,10,4,False
488,Mime Jr.,11,Fairy,310,20,25,45,70,90,60,4,False
489,Happiny,5,NULL,220,100,5,5,15,65,30,4,False
490,Chatot,5,Flying,411,76,65,45,92,42,91,4,False
491,Spiritomb,13,Dark,485,50,92,108,92,108,35,4,False
492,Gible,15,Ground,300,58,70,45,40,45,42,4,False
493,Gabite,15,Ground,410,68,90,65,50,55,82,4,False
494,Garchomp,15,Ground,600,108,130,95,80,85,102,4,False
495,GarchompMega Garchomp,15,Ground,700,108,170,115,120,95,92,4,False
496,Munchlax,5,NULL,390,135,85,40,40,85,5,4,False
497,Riolu,10,NULL,285,40,70,40,35,40,60,4,False
498,Lucario,10,Steel,525,70,110,70,115,70,90,4,False
499,LucarioMega Lucario,10,Steel,625,70,145,88,140,70,112,4,False
500,Hippopotas,8,NULL,330,68,72,78,38,42,32,4,False
501,Hippowdon,8,NULL,525,108,112,118,68,72,47,4,False
502,Skorupi,6,Bug,330,40,50,90,30,55,65,4,False
503,Drapion,6,Dark,500,70,90,110,60,75,95,4,False
504,Croagunk,6,Fighting,300,48,61,40,61,40,50,4,False
505,Toxicroak,6,Fighting,490,83,106,65,86,65,85,4,False
506,Carnivine,1,NULL,454,74,100,72,90,72,46,4,False
507,Finneon,3,NULL,330,49,49,56,49,61,66,4,False
508,Lumineon,3,NULL,460,69,69,76,69,86,91,4,False
509,Mantyke,3,Flying,345,45,20,50,60,120,50,4,False
510,Snover,1,Ice,334,60,62,50,62,60,40,4,False
511,Abomasnow,1,Ice,494,90,92,75,92,85,60,4,False
512,AbomasnowMega Abomasnow,1,Ice,594,90,132,105,132,105,30,4,False
513,Weavile,16,Ice,510,70,120,65,45,85,125,4,False
514,Magnezone,7,Steel,535,70,70,115,130,90,60,4,False
515,Lickilicky,5,NULL,515,110,85,95,80,95,50,4,False
516,Rhyperior,8,Rock,535,115,140,130,55,55,40,4,False
517,Tangrowth,1,NULL,535,100,100,125,110,50,50,4,False
518,Electivire,7,NULL,540,75,123,67,95,85,95,4,False
519,Magmortar,2,NULL,540,75,95,67,125,95,83,4,False
520,Togekiss,9,Flying,545,85,50,95,120,115,80,4,False
521,Yanmega,4,Flying,515,86,76,86,116,56,95,4,False
522,Leafeon,1,NULL,525,65,110,130,60,65,95,4,False
523,Glaceon,14,NULL,525,65,60,110,130,95,65,4,False
524,Gliscor,8,Flying,510,75,95,125,45,75,95,4,False
525,Mamoswine,14,Ground,530,110,130,80,70,60,80,4,False
526,Porygon-Z,5,NULL,535,85,80,70,135,75,90,4,False
527,Gallade,11,Fighting,518,68,125,65,65,115,80,4,False
528,GalladeMega Gallade,11,Fighting,618,68,165,95,65,115,110,4,False
529,Probopass,12,Steel,525,60,55,145,75,150,40,4,False
530,Dusknoir,13,NULL,525,45,100,135,65,135,45,4,False
531,Froslass,14,Ghost,480,70,80,70,80,70,110,4,False
532,Rotom,7,Ghost,440,50,50,77,95,77,91,4,False
533,RotomHeat Rotom,7,Fire,520,50,65,107,105,107,86,4,False
534,RotomWash Rotom,7,Water,520,50,65,107,105,107,86,4,False
535,RotomFrost Rotom,7,Ice,520,50,65,107,105,107,86,4,False
536,RotomFan Rotom,7,Flying,520,50,65,107,105,107,86,4,False
537,RotomMow Rotom,7,Grass,520,50,65,107,105,107,86,4,False
538,Uxie,11,NULL,580,75,75,130,75,130,95,4,True
539,Mesprit,11,NULL,580,80,105,105,105,105,80,4,True
540,Azelf,11,NULL,580,75,125,70,125,70,115,4,True
541,Dialga,17,Dragon,680,100,120,120,150,100,90,4,True
542,Palkia,3,Dragon,680,90,120,100,150,120,100,4,True
543,Heatran,2,Steel,600,91,90,106,130,106,77,4,True
544,Regigigas,5,NULL,670,110,160,110,80,110,100,4,True
545,GiratinaAltered Forme,13,Dragon,680,150,100,120,100,120,90,4,True
546,GiratinaOrigin Forme,13,Dragon,680,150,120,100,120,100,90,4,True
547,Cresselia,11,NULL,600,120,70,120,75,130,85,4,False
548,Phione,3,NULL,480,80,80,80,80,80,80,4,False
549,Manaphy,3,NULL,600,100,100,100,100,100,100,4,False
550,Darkrai,16,NULL,600,70,90,90,135,90,125,4,True
551,ShayminLand Forme,1,NULL,600,100,100,100,100,100,100,4,True
552,ShayminSky Forme,1,Flying,600,100,103,75,120,75,127,4,True
553,Arceus,5,NULL,720,120,120,120,120,120,120,4,True
554,Victini,11,Fire,600,100,100,100,100,100,100,5,True
555,Snivy,1,NULL,308,45,45,55,45,55,63,5,False
556,Servine,1,NULL,413,60,60,75,60,75,83,5,False
557,Serperior,1,NULL,528,75,75,95,75,95,113,5,False
558,Tepig,2,NULL,308,65,63,45,45,45,45,5,False
559,Pignite,2,Fighting,418,90,93,55,70,55,55,5,False
560,Emboar,2,Fighting,528,110,123,65,100,65,65,5,False
561,Oshawott,3,NULL,308,55,55,45,63,45,45,5,False
562,Dewott,3,NULL,413,75,75,60,83,60,60,5,False
563,Samurott,3,NULL,528,95,100,85,108,70,70,5,False
564,Patrat,5,NULL,255,45,55,39,35,39,42,5,False
565,Watchog,5,NULL,420,60,85,69,60,69,77,5,False
566,Lillipup,5,NULL,275,45,60,45,25,45,55,5,False
567,Herdier,5,NULL,370,65,80,65,35,65,60,5,False
568,Stoutland,5,NULL,500,85,110,90,45,90,80,5,False
569,Purrloin,16,NULL,281,41,50,37,50,37,66,5,False
570,Liepard,16,NULL,446,64,88,50,88,50,106,5,False
571,Pansage,1,NULL,316,50,53,48,53,48,64,5,False
572,Simisage,1,NULL,498,75,98,63,98,63,101,5,False
573,Pansear,2,NULL,316,50,53,48,53,48,64,5,False
574,Simisear,2,NULL,498,75,98,63,98,63,101,5,False
575,Panpour,3,NULL,316,50,53,48,53,48,64,5,False
576,Simipour,3,NULL,498,75,98,63,98,63,101,5,False
577,Munna,11,NULL,292,76,25,45,67,55,24,5,False
578,Musharna,11,NULL,487,116,55,85,107,95,29,5,False
579,Pidove,5,Flying,264,50,55,50,36,30,43,5,False
580,Tranquill,5,Flying,358,62,77,62,50,42,65,5,False
581,Unfezant,5,Flying,488,80,115,80,65,55,93,5,False
582,Blitzle,7,NULL,295,45,60,32,50,32,76,5,False
583,Zebstrika,7,NULL,497,75,100,63,80,63,116,5,False
584,Roggenrola,12,NULL,280,55,75,85,25,25,15,5,False
585,Boldore,12,NULL,390,70,105,105,50,40,20,5,False
586,Gigalith,12,NULL,515,85,135,130,60,80,25,5,False
587,Woobat,11,Flying,313,55,45,43,55,43,72,5,False
588,Swoobat,11,Flying,425,67,57,55,77,55,114,5,False
589,Drilbur,8,NULL,328,60,85,40,30,45,68,5,False
590,Excadrill,8,Steel,508,110,135,60,50,65,88,5,False
591,Audino,5,NULL,445,103,60,86,60,86,50,5,False
592,AudinoMega Audino,5,Fairy,545,103,60,126,80,126,50,5,False
593,Timburr,10,NULL,305,75,80,55,25,35,35,5,False
594,Gurdurr,10,NULL,405,85,105,85,40,50,40,5,False
595,Conkeldurr,10,NULL,505,105,140,95,55,65,45,5,False
596,Tympole,3,NULL,294,50,50,40,50,40,64,5,False
597,Palpitoad,3,Ground,384,75,65,55,65,55,69,5,False
598,Seismitoad,3,Ground,509,105,95,75,85,75,74,5,False
599,Throh,10,NULL,465,120,100,85,30,85,45,5,False
600,Sawk,10,NULL,465,75,125,75,30,75,85,5,False
601,Sewaddle,4,Grass,310,45,53,70,40,60,42,5,False
602,Swadloon,4,Grass,380,55,63,90,50,80,42,5,False
603,Leavanny,4,Grass,500,75,103,80,70,80,92,5,False
604,Venipede,4,Poison,260,30,45,59,30,39,57,5,False
605,Whirlipede,4,Poison,360,40,55,99,40,79,47,5,False
606,Scolipede,4,Poison,485,60,100,89,55,69,112,5,False
607,Cottonee,1,Fairy,280,40,27,60,37,50,66,5,False
608,Whimsicott,1,Fairy,480,60,67,85,77,75,116,5,False
609,Petilil,1,NULL,280,45,35,50,70,50,30,5,False
610,Lilligant,1,NULL,480,70,60,75,110,75,90,5,False
611,Basculin,3,NULL,460,70,92,65,80,55,98,5,False
612,Sandile,8,Dark,292,50,72,35,35,35,65,5,False
613,Krokorok,8,Dark,351,60,82,45,45,45,74,5,False
614,Krookodile,8,Dark,519,95,117,80,65,70,92,5,False
615,Darumaka,2,NULL,315,70,90,45,15,45,50,5,False
616,DarmanitanStandard Mode,2,NULL,480,105,140,55,30,55,95,5,False
617,DarmanitanZen Mode,2,Psychic,540,105,30,105,140,105,55,5,False
618,Maractus,1,NULL,461,75,86,67,106,67,60,5,False
619,Dwebble,4,Rock,325,50,65,85,35,35,55,5,False
620,Crustle,4,Rock,475,70,95,125,65,75,45,5,False
621,Scraggy,16,Fighting,348,50,75,70,35,70,48,5,False
622,Scrafty,16,Fighting,488,65,90,115,45,115,58,5,False
623,Sigilyph,11,Flying,490,72,58,80,103,80,97,5,False
624,Yamask,13,NULL,303,38,30,85,55,65,30,5,False
625,Cofagrigus,13,NULL,483,58,50,145,95,105,30,5,False
626,Tirtouga,3,Rock,355,54,78,103,53,45,22,5,False
627,Carracosta,3,Rock,495,74,108,133,83,65,32,5,False
628,Archen,12,Flying,401,55,112,45,74,45,70,5,False
629,Archeops,12,Flying,567,75,140,65,112,65,110,5,False
630,Trubbish,6,NULL,329,50,50,62,40,62,65,5,False
631,Garbodor,6,NULL,474,80,95,82,60,82,75,5,False
632,Zorua,16,NULL,330,40,65,40,80,40,65,5,False
633,Zoroark,16,NULL,510,60,105,60,120,60,105,5,False
634,Minccino,5,NULL,300,55,50,40,40,40,75,5,False
635,Cinccino,5,NULL,470,75,95,60,65,60,115,5,False
636,Gothita,11,NULL,290,45,30,50,55,65,45,5,False
637,Gothorita,11,NULL,390,60,45,70,75,85,55,5,False
638,Gothitelle,11,NULL,490,70,55,95,95,110,65,5,False
639,Solosis,11,NULL,290,45,30,40,105,50,20,5,False
640,Duosion,11,NULL,370,65,40,50,125,60,30,5,False
641,Reuniclus,11,NULL,490,110,65,75,125,85,30,5,False
642,Ducklett,3,Flying,305,62,44,50,44,50,55,5,False
643,Swanna,3,Flying,473,75,87,63,87,63,98,5,False
644,Vanillite,14,NULL,305,36,50,50,65,60,44,5,False
645,Vanillish,14,NULL,395,51,65,65,80,75,59,5,False
646,Vanilluxe,14,NULL,535,71,95,85,110,95,79,5,False
647,Deerling,5,Grass,335,60,60,50,40,50,75,5,False
648,Sawsbuck,5,Grass,475,80,100,70,60,70,95,5,False
649,Emolga,7,Flying,428,55,75,60,75,60,103,5,False
650,Karrablast,4,NULL,315,50,75,45,40,45,60,5,False
651,Escavalier,4,Steel,495,70,135,105,60,105,20,5,False
652,Foongus,1,Poison,294,69,55,45,55,55,15,5,False
653,Amoonguss,1,Poison,464,114,85,70,85,80,30,5,False
654,Frillish,3,Ghost,335,55,40,50,65,85,40,5,False
655,Jellicent,3,Ghost,480,100,60,70,85,105,60,5,False
656,Alomomola,3,NULL,470,165,75,80,40,45,65,5,False
657,Joltik,4,Electric,319,50,47,50,57,50,65,5,False
658,Galvantula,4,Electric,472,70,77,60,97,60,108,5,False
659,Ferroseed,1,Steel,305,44,50,91,24,86,10,5,False
660,Ferrothorn,1,Steel,489,74,94,131,54,116,20,5,False
661,Klink,17,NULL,300,40,55,70,45,60,30,5,False
662,Klang,17,NULL,440,60,80,95,70,85,50,5,False
663,Klinklang,17,NULL,520,60,100,115,70,85,90,5,False
664,Tynamo,7,NULL,275,35,55,40,45,40,60,5,False
665,Eelektrik,7,NULL,405,65,85,70,75,70,40,5,False
666,Eelektross,7,NULL,515,85,115,80,105,80,50,5,False
667,Elgyem,11,NULL,335,55,55,55,85,55,30,5,False
668,Beheeyem,11,NULL,485,75,75,75,125,95,40,5,False
669,Litwick,13,Fire,275,50,30,55,65,55,20,5,False
670,Lampent,13,Fire,370,60,40,60,95,60,55,5,False
671,Chandelure,13,Fire,520,60,55,90,145,90,80,5,False
672,Axew,15,NULL,320,46,87,60,30,40,57,5,False
673,Fraxure,15,NULL,410,66,117,70,40,50,67,5,False
674,Haxorus,15,NULL,540,76,147,90,60,70,97,5,False
675,Cubchoo,14,NULL,305,55,70,40,60,40,40,5,False
676,Beartic,14,NULL,485,95,110,80,70,80,50,5,False
677,Cryogonal,14,NULL,485,70,50,30,95,135,105,5,False
678,Shelmet,4,NULL,305,50,40,85,40,65,25,5,False
679,Accelgor,4,NULL,495,80,70,40,100,60,145,5,False
680,Stunfisk,8,Electric,471,109,66,84,81,99,32,5,False
681,Mienfoo,10,NULL,350,45,85,50,55,50,65,5,False
682,Mienshao,10,NULL,510,65,125,60,95,60,105,5,False
683,Druddigon,15,NULL,485,77,120,90,60,90,48,5,False
684,Golett,8,Ghost,303,59,74,50,35,50,35,5,False
685,Golurk,8,Ghost,483,89,124,80,55,80,55,5,False
686,Pawniard,16,Steel,340,45,85,70,40,40,60,5,False
687,Bisharp,16,Steel,490,65,125,100,60,70,70,5,False
688,Bouffalant,5,NULL,490,95,110,95,40,95,55,5,False
689,Rufflet,5,Flying,350,70,83,50,37,50,60,5,False
690,Braviary,5,Flying,510,100,123,75,57,75,80,5,False
691,Vullaby,16,Flying,370,70,55,75,45,65,60,5,False
692,Mandibuzz,16,Flying,510,110,65,105,55,95,80,5,False
693,Heatmor,2,NULL,484,85,97,66,105,66,65,5,False
694,Durant,4,Steel,484,58,109,112,48,48,109,5,False
695,Deino,16,Dragon,300,52,65,50,45,50,38,5,False
696,Zweilous,16,Dragon,420,72,85,70,65,70,58,5,False
697,Hydreigon,16,Dragon,600,92,105,90,125,90,98,5,False
698,Larvesta,4,Fire,360,55,85,55,50,55,60,5,False
699,Volcarona,4,Fire,550,85,60,65,135,105,100,5,False
700,Cobalion,17,Fighting,580,91,90,129,90,72,108,5,True
701,Terrakion,12,Fighting,580,91,129,90,72,90,108,5,True
702,Virizion,1,Fighting,580,91,90,72,90,129,108,5,True
703,TornadusIncarnate Forme,18,NULL,580,79,115,70,125,80,111,5,True
704,TornadusTherian Forme,18,NULL,580,79,100,80,110,90,121,5,True
705,ThundurusIncarnate Forme,7,Flying,580,79,115,70,125,80,111,5,True
706,ThundurusTherian Forme,7,Flying,580,79,105,70,145,80,101,5,True
707,Reshiram,15,Fire,680,100,120,100,150,120,90,5,True
708,Zekrom,15,Electric,680,100,150,120,120,100,90,5,True
709,LandorusIncarnate Forme,8,Flying,600,89,125,90,115,80,101,5,True
710,LandorusTherian Forme,8,Flying,600,89,145,90,105,80,91,5,True
711,Kyurem,15,Ice,660,125,130,90,130,90,95,5,True
712,KyuremBlack Kyurem,15,Ice,700,125,170,100,120,90,95,5,True
713,KyuremWhite Kyurem,15,Ice,700,125,120,90,170,100,95,5,True
714,KeldeoOrdinary Forme,3,Fighting,580,91,72,90,129,90,108,5,False
715,KeldeoResolute Forme,3,Fighting,580,91,72,90,129,90,108,5,False
716,MeloettaAria Forme,5,Psychic,600,100,77,77,128,128,90,5,False
717,MeloettaPirouette Forme,5,Fighting,600,100,128,90,77,77,128,5,False
718,Genesect,4,Steel,600,71,120,95,120,95,99,5,False
719,Chespin,1,NULL,313,56,61,65,48,45,38,6,False
720,Quilladin,1,NULL,405,61,78,95,56,58,57,6,False
721,Chesnaught,1,Fighting,530,88,107,122,74,75,64,6,False
722,Fennekin,2,NULL,307,40,45,40,62,60,60,6,False
723,Braixen,2,NULL,409,59,59,58,90,70,73,6,False
724,Delphox,2,Psychic,534,75,69,72,114,100,104,6,False
725,Froakie,3,NULL,314,41,56,40,62,44,71,6,False
726,Frogadier,3,NULL,405,54,63,52,83,56,97,6,False
727,Greninja,3,Dark,530,72,95,67,103,71,122,6,False
728,Bunnelby,5,NULL,237,38,36,38,32,36,57,6,False
729,Diggersby,5,Ground,423,85,56,77,50,77,78,6,False
730,Fletchling,5,Flying,278,45,50,43,40,38,62,6,False
731,Fletchinder,2,Flying,382,62,73,55,56,52,84,6,False
732,Talonflame,2,Flying,499,78,81,71,74,69,126,6,False
733,Scatterbug,4,NULL,200,38,35,40,27,25,35,6,False
734,Spewpa,4,NULL,213,45,22,60,27,30,29,6,False
735,Vivillon,4,Flying,411,80,52,50,90,50,89,6,False
736,Litleo,2,Normal,369,62,50,58,73,54,72,6,False
737,Pyroar,2,Normal,507,86,68,72,109,66,106,6,False
738,Flabébé,9,NULL,303,44,38,39,61,79,42,6,False
739,Floette,9,NULL,371,54,45,47,75,98,52,6,False
740,Florges,9,NULL,552,78,65,68,112,154,75,6,False
741,Skiddo,1,NULL,350,66,65,48,62,57,52,6,False
742,Gogoat,1,NULL,531,123,100,62,97,81,68,6,False
743,Pancham,10,NULL,348,67,82,62,46,48,43,6,False
744,Pangoro,10,Dark,495,95,124,78,69,71,58,6,False
745,Furfrou,5,NULL,472,75,80,60,65,90,102,6,False
746,Espurr,11,NULL,355,62,48,54,63,60,68,6,False
747,MeowsticMale,11,NULL,466,74,48,76,83,81,104,6,False
748,MeowsticFemale,11,NULL,466,74,48,76,83,81,104,6,False
749,Honedge,17,Ghost,325,45,80,100,35,37,28,6,False
750,Doublade,17,Ghost,448,59,110,150,45,49,35,6,False
751,AegislashBlade Forme,17,Ghost,520,60,150,50,150,50,60,6,False
752,AegislashShield Forme,17,Ghost,520,60,50,150,50,150,60,6,False
753,Spritzee,9,NULL,341,78,52,60,63,65,23,6,False
754,Aromatisse,9,NULL,462,101,72,72,99,89,29,6,False
755,Swirlix,9,NULL,341,62,48,66,59,57,49,6,False
756,Slurpuff,9,NULL,480,82,80,86,85,75,72,6,False
757,Inkay,16,Psychic,288,53,54,53,37,46,45,6,False
758,Malamar,16,Psychic,482,86,92,88,68,75,73,6,False
759,Binacle,12,Water,306,42,52,67,39,56,50,6,False
760,Barbaracle,12,Water,500,72,105,115,54,86,68,6,False
761,Skrelp,6,Water,320,50,60,60,60,60,30,6,False
762,Dragalge,6,Dragon,494,65,75,90,97,123,44,6,False
763,Clauncher,3,NULL,330,50,53,62,58,63,44,6,False
764,Clawitzer,3,NULL,500,71,73,88,120,89,59,6,False
765,Helioptile,7,Normal,289,44,38,33,61,43,70,6,False
766,Heliolisk,7,Normal,481,62,55,52,109,94,109,6,False
767,Tyrunt,12,Dragon,362,58,89,77,45,45,48,6,False
768,Tyrantrum,12,Dragon,521,82,121,119,69,59,71,6,False
769,Amaura,12,Ice,362,77,59,50,67,63,46,6,False
770,Aurorus,12,Ice,521,123,77,72,99,92,58,6,False
771,Sylveon,9,NULL,525,95,65,65,110,130,60,6,False
772,Hawlucha,10,Flying,500,78,92,75,74,63,118,6,False
773,Dedenne,7,Fairy,431,67,58,57,81,67,101,6,False
774,Carbink,12,Fairy,500,50,50,150,50,150,50,6,False
775,Goomy,15,NULL,300,45,50,35,55,75,40,6,False
776,Sliggoo,15,NULL,452,68,75,53,83,113,60,6,False
777,Goodra,15,NULL,600,90,100,70,110,150,80,6,False
778,Klefki,17,Fairy,470,57,80,91,80,87,75,6,False
779,Phantump,13,Grass,309,43,70,48,50,60,38,6,False
780,Trevenant,13,Grass,474,85,110,76,65,82,56,6,False
781,PumpkabooAverage Size,13,Grass,335,49,66,70,44,55,51,6,False
782,PumpkabooSmall Size,13,Grass,335,44,66,70,44,55,56,6,False
783,PumpkabooLarge Size,13,Grass,335,54,66,70,44,55,46,6,False
784,PumpkabooSuper Size,13,Grass,335,59,66,70,44,55,41,6,False
785,GourgeistAverage Size,13,Grass,494,65,90,122,58,75,84,6,False
786,GourgeistSmall Size,13,Grass,494,55,85,122,58,75,99,6,False
787,GourgeistLarge Size,13,Grass,494,75,95,122,58,75,69,6,False
788,GourgeistSuper Size,13,Grass,494,85,100,122,58,75,54,6,False
789,Bergmite,14,NULL,304,55,69,85,32,35,28,6,False
790,Avalugg,14,NULL,514,95,117,184,44,46,28,6,False
791,Noibat,18,Dragon,245,40,30,35,45,40,55,6,False
792,Noivern,18,Dragon,535,85,70,80,97,80,123,6,False
793,Xerneas,9,NULL,680,126,131,95,131,98,99,6,True
794,Yveltal,16,Flying,680,126,131,95,131,98,99,6,True
795,Zygarde50% Forme,15,Ground,600,108,100,121,81,95,95,6,True
796,Diancie,12,Fairy,600,50,100,150,100,150,50,6,True
797,DiancieMega Diancie,12,Fairy,700,50,160,110,160,110,110,6,True
798,HoopaHoopa Confined,11,Ghost,600,80,110,60,150,130,70,6,True
799,HoopaHoopa Unbound,11,Dark,680,80,160,60,170,130,80,6,True
800,Volcanion,2,Water,600,80,110,120,130,90,70,6,True
